Decimal Year,Value
1992.7978142,0.315273
1992.8169399,0.311238
1992.8360656,0.375543
1992.8551913,0.527112
1992.8743169,0.634374
1992.8934426,0.712957
1992.9125683,0.825858
1992.931694,0.81292
1992.9508197,0.779847
1992.9699454,0.83352
1992.989071,0.893282
1993.0082192,1.12037
1993.0273973,1.212844
1993.0465753,1.147867
1993.0657534,1.001203
1993.0849315,1.051898
1993.1041096,1.116722
1993.1232877,1.198372
1993.1424658,1.142579
1993.1616438,1.249196
1993.1808219,1.252224
1993.2,1.287072
1993.2191781,1.214319
1993.2383562,1.218677
1993.2575342,1.360798
1993.2767123,1.348408
1993.2958904,1.344525
1993.3150685,1.350604
1993.3342466,1.254911
1993.3534247,1.295032
1993.3726027,1.278204
1993.3917808,1.267318
1993.4109589,1.137079
1993.430137,0.829772
1993.4493151,0.848558
1993.4684932,0.952185
1993.4876712,0.948873
1993.5068493,0.82218
1993.5260274,0.905691
1993.5452055,0.87815
1993.5643836,0.885558
1993.5835616,0.704231
1993.6027397,0.740849
1993.6219178,0.890643
1993.6410959,0.962823
1993.660274,0.918779
1993.6794521,0.8592
1993.6986301,0.782404
1993.7178082,0.737446
1993.7369863,0.711197
1993.7561644,0.694754
1993.7753425,0.727656
1993.7945205,0.84742
1993.8136986,0.803855
1993.8328767,0.816131
1993.8520548,0.767603
1993.8712329,0.832051
1993.890411,0.7606
1993.909589,0.702237
1993.9287671,0.741061
1993.9479452,0.720192
1993.9671233,0.711463
1993.9863014,0.659694
1994.0054795,0.730112
1994.0246575,0.709512
1994.0438356,0.637372
1994.0630137,0.488951
1994.0821918,0.292896
1994.1013699,0.338479
1994.1205479,0.159673
1994.139726,0.010953
1994.1589041,-0.064508
1994.1780822,0.072348
1994.1972603,0.066559
1994.2164384,-0.026117
1994.2356164,-0.027431
1994.2547945,0.141095
1994.2739726,0.199006
1994.2931507,0.230697
1994.3123288,0.284835
1994.3315068,0.237941
1994.3506849,0.231979
1994.369863,0.382661
1994.3890411,0.488554
1994.4082192,0.550164
1994.4273973,0.381451
1994.4465753,0.362283
1994.4657534,0.435701
1994.4849315,0.565639
1994.5041096,0.36603
1994.5232877,0.430038
1994.5424658,0.552449
1994.5616438,0.674738
1994.5808219,0.622446
1994.6,0.702176
1994.6191781,0.765671
1994.6383562,0.87636
1994.6575342,0.939936
1994.6767123,0.85026
1994.6958904,0.930415
1994.7150685,1.088646
1994.7342466,1.055878
1994.7534247,1.067029
1994.7726027,1.114716
1994.7917808,1.099741
1994.8109589,1.076184
1994.830137,1.073999
1994.8493151,1.155351
1994.8684932,1.349666
1994.8876712,1.424665
1994.9068493,1.374659
1994.9260274,1.283454
1994.9452055,1.330145
1994.9643836,1.470133
1994.9835616,1.657191
1995.0027397,1.815875
1995.0219178,1.701209
1995.0410959,1.641632
1995.060274,1.490868
1995.0794521,1.328156
1995.0986301,1.392667
1995.1178082,1.265294
1995.1369863,1.100046
1995.1561644,0.953106
1995.1753425,0.918769
1995.1945205,0.804251
1995.2136986,0.763106
1995.2328767,0.659178
1995.2520548,0.594882
1995.2712329,0.53824
1995.290411,0.541606
1995.309589,0.507915
1995.3287671,0.524524
1995.3479452,0.506736
1995.3671233,0.423431
1995.3863014,0.54863
1995.4054795,0.628829
1995.4246575,0.404052
1995.4438356,0.416937
1995.4630137,0.407159
1995.4821918,0.298926
1995.5013699,0.1442
1995.5205479,0.101743
1995.539726,0.009993
1995.5589041,0.129395
1995.5780822,0.082748
1995.5972603,-0.161094
1995.6164384,-0.219406
1995.6356164,-0.256092
1995.6547945,-0.313762
1995.6739726,-0.356463
1995.6931507,-0.312769
1995.7123288,-0.283618
1995.7315068,-0.318554
1995.7506849,-0.304721
1995.769863,-0.325473
1995.7890411,-0.342252
1995.8082192,-0.451316
1995.8273973,-0.46287
1995.8465753,-0.425245
1995.8657534,-0.477987
1995.8849315,-0.503345
1995.9041096,-0.526941
1995.9424658,-0.628097
1995.9616438,-0.499069
1995.9808219,-0.473868
1996.0,-0.341416
1996.0191257,-0.31426
1996.0382514,-0.319752
1996.057377,-0.314011
1996.0765027,-0.347453
1996.0956284,-0.266877
1996.1147541,-0.343498
1996.1338798,-0.321157
1996.1530055,-0.380461
1996.1721311,-0.229843
1996.1912568,-0.243974
1996.2103825,-0.221292
1996.2295082,-0.344643
1996.2486339,-0.279641
1996.2677596,-0.256389
1996.2868852,-0.312154
1996.3060109,-0.29261
1996.3251366,-0.270262
1996.3442623,-0.332187
1996.363388,-0.234517
1996.3825137,-0.133904
1996.4016393,-0.024579
1996.420765,-0.14498
1996.4398907,-0.182881
1996.4590164,-0.215055
1996.4781421,-0.144351
1996.4972678,-0.259293
1996.5163934,-0.284053
1996.5355191,-0.255717
1996.5546448,-0.300651
1996.5737705,-0.309585
1996.5928962,-0.375637
1996.6120219,-0.260935
1996.6311475,-0.288439
1996.6502732,-0.355341
1996.6693989,-0.488987
1996.6885246,-0.526478
1996.7076503,-0.530087
1996.726776,-0.548741
1996.7459016,-0.451212
1996.7650273,-0.44401
1996.784153,-0.513211
1996.8032787,-0.510703
1996.8224044,-0.630478
1996.8415301,-0.639939
1996.8606557,-0.604174
1996.8797814,-0.59403
1996.8989071,-0.602001
1996.9180328,-0.516546
1996.9371585,-0.521962
1996.9562842,-0.56699
1996.9754098,-0.415567
1996.9945355,-0.21561
1997.0136986,0.012337
1997.0328767,0.222854
1997.0520548,0.317303
1997.0712329,0.252722
1997.090411,0.337932
1997.109589,0.222071
1997.1287671,0.0726
1997.1479452,-0.004663
1997.1671233,0.292788
1997.1863014,0.475941
1997.2054795,0.678047
1997.2246575,0.79549
1997.2438356,0.911419
1997.2630137,1.087898
1997.2821918,1.14801
1997.3013699,1.238481
1997.3205479,1.341405
1997.339726,1.403787
1997.3589041,1.500853
1997.3780822,1.58212
1997.3972603,1.640905
1997.4164384,1.552439
1997.4356164,1.705471
1997.4547945,1.744915
1997.4739726,1.868505
1997.4931507,2.053277
1997.5123288,1.908695
1997.5315068,1.930531
1997.5506849,2.02271
1997.569863,2.114625
1997.5890411,2.151983
1997.6082192,2.342978
1997.6273973,2.497315
1997.6465753,2.600858
1997.6657534,2.677789
1997.6849315,2.76085
1997.7041096,2.90577
1997.7232877,2.957678
1997.7424658,3.029172
1997.7616438,3.105771
1997.7808219,3.198867
1997.8,3.220213
1997.8191781,3.230082
1997.8383562,3.40248
1997.8575342,3.378386
1997.8767123,3.40326
1997.8958904,3.31329
1997.9150685,3.272617
1997.9342466,3.274315
1997.9534247,3.282396
1997.9726027,3.147514
1997.9917808,2.993136
1998.0109589,2.928756
1998.030137,2.818883
1998.0493151,2.695415
1998.0684932,2.62053
1998.0876712,2.6843
1998.1068493,2.518185
1998.1260274,2.228997
1998.1452055,2.023844
1998.1643836,2.02922
1998.1835616,1.865012
1998.2027397,1.784811
1998.2219178,1.656466
1998.2410959,1.52491
1998.260274,1.46959
1998.2794521,1.296947
1998.2986301,1.212127
1998.3178082,1.151897
1998.3369863,1.022826
1998.3561644,0.853394
1998.3753425,0.67062
1998.3945205,0.539135
1998.4136986,0.228536
1998.4328767,0.137163
1998.4520548,0.081994
1998.4712329,0.090521
1998.490411,0.017312
1998.509589,-0.248079
1998.5287671,-0.283012
1998.5479452,-0.310649
1998.5671233,-0.282776
1998.5863014,-0.416656
1998.6054795,-0.421411
1998.6246575,-0.517894
1998.6438356,-0.584025
1998.6630137,-0.543559
1998.6821918,-0.556638
1998.7013699,-0.657549
1998.7205479,-0.731947
1998.739726,-0.811835
1998.7589041,-0.831447
1998.7780822,-0.917527
1998.7972603,-0.944818
1998.8164384,-1.003802
1998.8356164,-1.032266
1998.8547945,-1.082707
1998.8739726,-1.1142
1998.8931507,-1.109572
1998.9123288,-1.099434
1998.9315068,-1.031182
1998.9506849,-1.048311
1998.969863,-0.979749
1998.9890411,-0.988958
1999.0082192,-0.970943
1999.0273973,-1.048649
1999.0465753,-1.156854
1999.0657534,-1.219747
1999.0849315,-1.177727
1999.1041096,-1.300279
1999.1232877,-1.282581
1999.1424658,-1.213705
1999.1616438,-1.025131
1999.1808219,-1.020368
1999.2,-1.080191
1999.2191781,-1.133118
1999.2383562,-1.172053
1999.2575342,-1.068424
1999.2767123,-1.149063
1999.2958904,-1.160683
1999.3150685,-1.09324
1999.3342466,-1.073844
1999.3534247,-1.015568
1999.3726027,-0.921537
1999.3917808,-0.917227
1999.4109589,-0.856502
1999.430137,-0.897753
1999.4493151,-0.832574
1999.4684932,-0.760649
1999.4876712,-0.676435
1999.5068493,-0.788863
1999.5260274,-0.796573
1999.5452055,-0.824054
1999.5643836,-0.780511
1999.5835616,-0.89152
1999.6027397,-0.858557
1999.6219178,-0.781743
1999.6410959,-0.758133
1999.660274,-0.793344
1999.6794521,-0.891597
1999.6986301,-0.91217
1999.7178082,-0.858097
1999.7369863,-0.803522
1999.7561644,-0.862083
1999.7753425,-0.882562
1999.7945205,-0.985279
1999.8136986,-1.109208
1999.8328767,-1.108033
1999.8520548,-1.141852
1999.8712329,-1.125636
1999.890411,-1.130354
1999.909589,-1.176491
1999.9287671,-1.174878
1999.9479452,-1.225245
1999.9671233,-1.312096
1999.9863014,-1.327564
2000.0054645,-1.283025
2000.0245902,-1.329768
2000.0437158,-1.331679
2000.0628415,-1.346703
2000.0819672,-1.310134
2000.1010929,-1.146502
2000.1202186,-1.188071
2000.1393443,-1.341855
2000.1584699,-1.429711
2000.1775956,-1.294722
2000.1967213,-1.319508
2000.215847,-1.325416
2000.2349727,-1.296792
2000.2540984,-1.125962
2000.273224,-1.107338
2000.2923497,-1.226584
2000.3114754,-1.161262
2000.3306011,-1.207804
2000.3497268,-1.138659
2000.3688525,-1.055914
2000.3879781,-0.952752
2000.4071038,-0.885227
2000.4262295,-0.986759
2000.4453552,-0.934851
2000.4644809,-0.814472
2000.4836066,-0.771049
2000.5027322,-0.97762
2000.5218579,-0.895986
2000.5409836,-0.757519
2000.5601093,-0.591288
2000.579235,-0.492071
2000.5983607,-0.641302
2000.6174863,-0.585788
2000.636612,-0.619086
2000.6557377,-0.641309
2000.6748634,-0.49657
2000.6939891,-0.431467
2000.7131148,-0.476201
2000.7322404,-0.539192
2000.7513661,-0.576199
2000.7704918,-0.643037
2000.7896175,-0.664316
2000.8087432,-0.641974
2000.8278689,-0.62498
2000.8469945,-0.633099
2000.8661202,-0.691618
2000.8852459,-0.737565
2000.9043716,-0.823775
2000.9234973,-0.85218
2000.942623,-0.85143
2000.9617486,-0.800565
2000.9808743,-0.771551
2001.0,-0.783379
2001.0191781,-0.797109
2001.0383562,-0.839187
2001.0575342,-0.869398
2001.0767123,-1.055082
2001.0958904,-1.090518
2001.1150685,-1.093352
2001.1342466,-1.084864
2001.1534247,-1.100123
2001.1726027,-0.795718
2001.1917808,-0.815132
2001.2109589,-0.802728
2001.230137,-0.806135
2001.2493151,-0.674931
2001.2684932,-0.689241
2001.2876712,-0.721026
2001.3068493,-0.77041
2001.3260274,-0.744136
2001.3452055,-0.706647
2001.3643836,-0.63733
2001.3835616,-0.468387
2001.4027397,-0.411063
2001.4219178,-0.565831
2001.4410959,-0.486857
2001.460274,-0.451
2001.4794521,-0.332262
2001.4986301,-0.44674
2001.5178082,-0.30912
2001.5369863,-0.178157
2001.5561644,-0.008542
2001.5753425,-0.067131
2001.5945205,-0.245817
2001.6136986,-0.260893
2001.6328767,-0.224464
2001.6520548,-0.146303
2001.6712329,-0.153181
2001.690411,-0.133827
2001.709589,-0.144071
2001.7287671,-0.200031
2001.7479452,-0.251228
2001.7671233,-0.265043
2001.7863014,-0.253236
2001.8054795,-0.22383
2001.8246575,-0.223571
2001.8438356,-0.159361
2001.8630137,-0.222026
2001.8821918,-0.301851
2001.9013699,-0.34691
2001.9205479,-0.29633
2001.9589041,0.116498
2001.9780822,0.2062
2001.9972603,0.359475
2002.0164384,0.449134
2002.0356164,0.471394
2002.0547945,0.421535
2002.0739726,0.341387
2002.0931507,0.40588
2002.1123288,0.302532
2002.1315068,0.264487
2002.1506849,0.238499
2002.169863,0.419405
2002.1890411,0.327247
2002.2082192,0.262389
2002.2273973,0.215278
2002.2465753,0.230611
2002.2657534,0.216479
2002.2849315,0.19211
2002.3041096,0.185649
2002.3232877,0.1575
2002.3424658,0.059995
2002.3616438,0.08885
2002.3808219,0.149838
2002.4,0.297117
2002.4191781,0.240587
2002.4383562,0.229546
2002.4575342,0.193213
2002.4767123,0.179892
2002.4958904,0.033704
2002.5150685,0.197836
2002.5342466,0.394394
2002.5534247,0.610068
2002.5726027,0.733226
2002.5917808,0.650906
2002.6109589,0.726109
2002.630137,0.852627
2002.6493151,0.918869
2002.6684932,1.030229
2002.6876712,1.144688
2002.7068493,1.309509
2002.7260274,1.375346
2002.7452055,1.406449
2002.7643836,1.542756
2002.7835616,1.707804
2002.8027397,1.860126
2002.8219178,1.884794
2002.8410959,1.936842
2002.860274,1.836166
2002.8794521,1.72275
2002.8986301,1.703804
2002.9178082,1.634282
2002.9369863,1.709809
2002.9561644,1.723569
2002.9753425,1.606394
2002.9945205,1.438049
2003.0136986,1.338513
2003.0328767,1.264463
2003.0520548,1.163903
2003.0712329,1.171892
2003.090411,1.163522
2003.109589,1.07306
2003.1287671,1.007221
2003.1479452,0.870604
2003.1671233,0.925833
2003.1863014,0.860793
2003.2054795,0.689161
2003.2246575,0.526314
2003.2438356,0.398
2003.2630137,0.478941
2003.2821918,0.437646
2003.3013699,0.466736
2003.3205479,0.360894
2003.339726,0.279227
2003.3589041,0.182236
2003.3780822,0.080337
2003.3972603,0.17292
2003.4164384,0.098465
2003.4356164,0.284512
2003.4547945,0.43091
2003.4739726,0.496612
2003.4931507,0.510263
2003.5123288,0.383146
2003.5315068,0.409082
2003.5506849,0.413686
2003.569863,0.484937
2003.5890411,0.42954
2003.6082192,0.485847
2003.6273973,0.445263
2003.6465753,0.408909
2003.6657534,0.373947
2003.6849315,0.306558
2003.7041096,0.277986
2003.7232877,0.295972
2003.7424658,0.346617
2003.7616438,0.373785
2003.7808219,0.319653
2003.8,0.379984
2003.8191781,0.404753
2003.8383562,0.444932
2003.8575342,0.523566
2003.8767123,0.609033
2003.9150685,0.649454
2003.9342466,0.500239
2003.9534247,0.34614
2003.9726027,0.328976
2003.9917808,0.365821
2004.010929,0.558582
2004.0300546,0.720198
2004.0491803,0.803595
2004.068306,0.676843
2004.0874317,0.609995
2004.1065574,0.438524
2004.1256831,0.442473
2004.1448087,0.349096
2004.1639344,0.465208
2004.1830601,0.411055
2004.2021858,0.252206
2004.2213115,0.185288
2004.2404372,0.125141
2004.2595628,0.342899
2004.2786885,0.465876
2004.2978142,0.463691
2004.3169399,0.510797
2004.3360656,0.404339
2004.3551913,0.386427
2004.3743169,0.378078
2004.3934426,0.399269
2004.4125683,0.362416
2004.431694,0.225061
2004.4508197,0.288973
2004.4699454,0.41037
2004.489071,0.565906
2004.5081967,0.453335
2004.5273224,0.583139
2004.5464481,0.781209
2004.5655738,0.772589
2004.5846995,0.644696
2004.6038251,0.601839
2004.6229508,0.628026
2004.6420765,0.676482
2004.6612022,0.790168
2004.6803279,0.815233
2004.6994536,0.847812
2004.7185792,0.825955
2004.7377049,0.666319
2004.7568306,0.600757
2004.7759563,0.608933
2004.795082,0.685676
2004.8142077,0.73076
2004.8333333,0.851368
2004.852459,0.82388
2004.8715847,0.746451
2004.8907104,0.73279
2004.9098361,0.680483
2004.9289617,0.722439
2004.9480874,0.790235
2004.9672131,0.784231
2004.9863388,0.806681
2005.0054795,0.875124
2005.0246575,0.810535
2005.0438356,0.754712
2005.0630137,0.665666
2005.0821918,0.598922
2005.1013699,0.760699
2005.1205479,0.931182
2005.139726,0.972301
2005.1589041,0.879824
2005.1780822,1.070179
2005.1972603,1.070594
2005.2164384,0.949991
2005.2356164,0.816936
2005.2547945,0.714103
2005.2739726,0.627149
2005.2931507,0.646286
2005.3123288,0.673009
2005.3315068,0.59303
2005.3506849,0.475938
2005.369863,0.326469
2005.3890411,0.390199
2005.4082192,0.385267
2005.4273973,0.235055
2005.4465753,0.29349
2005.4657534,0.245091
2005.4849315,0.236842
2005.5041096,0.090628
2005.5232877,0.079717
2005.5424658,0.034972
2005.5616438,0.12627
2005.5808219,-0.036984
2005.6,-0.043987
2005.6191781,0.097929
2005.6383562,0.208704
2005.6575342,0.195801
2005.6767123,0.076971
2005.6958904,-0.020365
2005.7150685,-0.071047
2005.7534247,-0.008539
2005.7726027,0.027772
2005.7917808,-0.031372
2005.8109589,-0.002459
2005.830137,-0.181192
2005.8493151,-0.23619
2005.8684932,-0.243615
2005.8876712,-0.283997
2005.9068493,-0.357485
2005.9260274,-0.40219
2005.9452055,-0.389937
2005.9643836,-0.472129
2005.9835616,-0.502054
2006.0027397,-0.44408
2006.0219178,-0.516323
2006.0410959,-0.73886
2006.060274,-0.849578
2006.0794521,-0.927269
2006.0986301,-0.781166
2006.1178082,-0.793364
2006.1369863,-0.831533
2006.1561644,-0.920184
2006.1753425,-0.831242
2006.1945205,-0.802177
2006.2136986,-0.744398
2006.2328767,-0.731882
2006.2520548,-0.592814
2006.2712329,-0.61006
2006.290411,-0.652011
2006.309589,-0.613484
2006.3287671,-0.642032
2006.3479452,-0.499313
2006.3671233,-0.33794
2006.3863014,-0.29662
2006.4054795,-0.164575
2006.4246575,-0.273022
2006.4438356,-0.227908
2006.4630137,-0.140378
2006.4821918,-0.015759
2006.5013699,-0.15083
2006.5205479,0.025528
2006.539726,0.234753
2006.5589041,0.301556
2006.5780822,0.455265
2006.5972603,0.444711
2006.6164384,0.431284
2006.6356164,0.49425
2006.6547945,0.637413
2006.6739726,0.72356
2006.6931507,0.678607
2006.7123288,0.638813
2006.7315068,0.580402
2006.7506849,0.654127
2006.769863,0.656228
2006.7890411,0.738651
2006.8082192,0.811174
2006.8273973,0.901957
2006.8849315,0.942233
2006.9041096,0.953125
2006.9232877,0.95806
2006.9424658,0.931587
2006.9616438,0.872408
2006.9808219,0.824221
2007.0,0.662973
2007.0191781,0.517975
2007.0383562,0.459613
2007.0575342,0.419257
2007.0767123,0.322372
2007.0958904,0.392651
2007.1150685,0.268294
2007.1342466,0.134126
2007.1534247,0.023927
2007.1726027,0.027722
2007.1917808,0.000852
2007.2109589,-0.055605
2007.230137,-0.144011
2007.2493151,-0.078184
2007.2684932,-0.073961
2007.2876712,-0.143724
2007.3068493,-0.267213
2007.3260274,-0.262309
2007.3452055,-0.336505
2007.3643836,-0.33002
2007.3835616,-0.309126
2007.4027397,-0.23254
2007.4219178,-0.393152
2007.4410959,-0.406521
2007.460274,-0.357909
2007.4794521,-0.446219
2007.4986301,-0.62617
2007.5178082,-0.527875
2007.5369863,-0.486896
2007.5561644,-0.462503
2007.5753425,-0.439407
2007.5945205,-0.549176
2007.6136986,-0.609533
2007.6328767,-0.684208
2007.6520548,-0.637641
2007.6712329,-0.644469
2007.690411,-0.754895
2007.709589,-0.838026
2007.7287671,-0.881874
2007.7479452,-0.861013
2007.7671233,-0.914505
2007.7863014,-0.905972
2007.8054795,-0.92158
2007.8246575,-1.073387
2007.8438356,-1.198931
2007.8630137,-1.240327
2007.8821918,-1.276491
2007.9013699,-1.245777
2007.9205479,-1.089763
2007.939726,-1.037852
2007.9589041,-1.129445
2007.9780822,-1.274132
2007.9972603,-1.401797
2008.0163934,-1.45792
2008.0355191,-1.450614
2008.0546448,-1.373058
2008.0737705,-1.403823
2008.0928962,-1.352545
2008.1120219,-1.495813
2008.1311475,-1.522059
2008.1502732,-1.591174
2008.1693989,-1.399176
2008.1885246,-1.506456
2008.2076503,-1.488087
2008.226776,-1.447576
2008.2459016,-1.407322
2008.2650273,-1.279388
2008.284153,-1.242378
2008.3032787,-1.084486
2008.3224044,-1.052756
2008.3415301,-1.015638
2008.3606557,-0.879177
2008.3797814,-0.765711
2008.3989071,-0.686998
2008.4180328,-0.728894
2008.4371585,-0.659031
2008.4562842,-0.584727
2008.4754098,-0.508819
2008.4945355,-0.436875
2008.5136612,-0.601606
2008.5327869,-0.531902
2008.5519126,-0.449024
2008.5710383,-0.498702
2008.5901639,-0.615766
2008.6092896,-0.565313
2008.6284153,-0.567407
2008.647541,-0.658597
2008.6666667,-0.674259
2008.6857923,-0.701307
2008.704918,-0.732401
2008.7240437,-0.729247
2008.7431694,-0.743994
2008.7622951,-0.63209
2008.7814208,-0.708493
2008.8005464,-0.804628
2008.8196721,-0.945952
2008.8387978,-0.94771
2008.8579235,-1.005471
2008.8770492,-1.039342
2008.8961749,-1.145227
2008.9153005,-1.193889
2008.9344262,-1.30621
2008.9535519,-1.324908
2008.9726776,-1.34933
2008.9918033,-1.353638
2009.0109589,-1.249312
2009.030137,-1.24183
2009.0493151,-1.267023
2009.0684932,-1.255353
2009.0876712,-1.208359
2009.1068493,-1.296503
2009.1260274,-1.281796
2009.1452055,-1.28139
2009.1643836,-1.079437
2009.1835616,-1.081168
2009.2027397,-1.019782
2009.2219178,-0.954777
2009.2410959,-0.861135
2009.260274,-0.694875
2009.2794521,-0.56437
2009.2986301,-0.621875
2009.3178082,-0.636536
2009.3369863,-0.53407
2009.3561644,-0.475162
2009.3753425,-0.384388
2009.3945205,-0.259044
2009.4136986,-0.362014
2009.4328767,-0.224521
2009.4520548,-0.079508
2009.4712329,-0.057727
2009.490411,0.049837
2009.509589,-0.118596
2009.5287671,-0.027206
2009.5479452,0.150402
2009.5671233,0.245025
2009.5863014,0.173633
2009.6054795,0.202529
2009.6246575,0.311219
2009.6438356,0.368773
2009.6630137,0.324265
2009.6821918,0.239914
2009.7013699,0.231776
2009.7205479,0.249604
2009.739726,0.298019
2009.7589041,0.424854
2009.7780822,0.536852
2009.7972603,0.633641
2009.8164384,0.797386
2009.8356164,0.94526
2009.8547945,0.951358
2009.8739726,0.945806
2009.8931507,0.910623
2009.9123288,0.907123
2009.9315068,1.036097
2009.9506849,1.202924
2009.969863,1.275628
2009.9890411,1.350407
2010.0082192,1.245082
2010.0273973,1.122542
2010.0465753,1.011607
2010.0657534,0.963117
2010.0849315,1.212455
2010.1041096,1.314207
2010.1232877,1.287849
2010.1424658,1.11658
2010.1616438,1.161794
2010.1808219,1.0529
2010.2,0.93508
2010.2191781,0.820426
2010.2383562,0.72364
2010.2575342,0.710096
2010.2767123,0.659379
2010.2958904,0.493075
2010.3150685,0.373143
2010.3342466,0.212359
2010.3534247,0.135219
2010.3726027,0.005523
2010.3917808,-0.151281
2010.4109589,-0.241789
2010.430137,-0.46902
2010.4493151,-0.541519
2010.4684932,-0.546317
2010.4876712,-0.53895
2010.5068493,-0.747884
2010.5260274,-0.768336
2010.5452055,-0.730115
2010.5643836,-0.798168
2010.5835616,-1.016151
2010.6027397,-1.061556
2010.6219178,-1.118011
2010.6410959,-1.18634
2010.660274,-1.272546
2010.6794521,-1.342701
2010.6986301,-1.415701
2010.7178082,-1.455751
2010.7369863,-1.522183
2010.7561644,-1.484458
2010.7753425,-1.542585
2010.7945205,-1.602016
2010.8136986,-1.60036
2010.8328767,-1.615194
2010.8520548,-1.622785
2010.8712329,-1.651716
2010.890411,-1.605471
2010.909589,-1.674402
2010.9287671,-1.648781
2010.9479452,-1.672813
2010.9671233,-1.696565
2010.9863014,-1.726837
2011.0054795,-1.650908
2011.0246575,-1.692035
2011.0438356,-1.804757
2011.0630137,-1.735763
2011.0821918,-1.642232
2011.1013699,-1.40051
2011.1205479,-1.35385
2011.139726,-1.32241
2011.1589041,-1.290608
2011.1780822,-1.072553
2011.1972603,-0.995149
2011.2164384,-0.963514
2011.2356164,-0.976265
2011.2547945,-0.823005
2011.2739726,-0.768081
2011.2931507,-0.752525
2011.3123288,-0.68191
2011.3315068,-0.624726
2011.3506849,-0.534448
2011.369863,-0.442225
2011.3890411,-0.379443
2011.4082192,-0.382794
2011.4273973,-0.554854
2011.4465753,-0.504345
2011.4657534,-0.399526
2011.4849315,-0.309842
2011.5041096,-0.491285
2011.5232877,-0.456516
2011.5424658,-0.486707
2011.5616438,-0.498043
2011.5808219,-0.670375
2011.6,-0.637648
2011.6191781,-0.568707
2011.6383562,-0.56635
2011.6575342,-0.524291
2011.6767123,-0.652378
2011.6958904,-0.808195
2011.7150685,-0.897136
2011.7342466,-0.982244
2011.7534247,-1.0481
2011.7726027,-1.048848
2011.7917808,-1.004197
2011.8109589,-0.983123
2011.830137,-1.027811
2011.8493151,-1.023341
2011.8684932,-1.027053
2011.8876712,-0.997296
2011.9068493,-1.031921
2011.9260274,-1.044741
2011.9452055,-1.188093
2011.9643836,-1.319484
2011.9835616,-1.427763
2012.0027322,-1.372083
2012.0218579,-1.364126
2012.0409836,-1.361816
2012.0601093,-1.477424
2012.079235,-1.555758
2012.0983607,-1.334288
2012.1174863,-1.361207
2012.136612,-1.415305
2012.1557377,-1.417077
2012.1748634,-1.282408
2012.1939891,-1.345631
2012.2131148,-1.332149
2012.2322404,-1.160813
2012.2513661,-0.976144
2012.2704918,-0.913894
2012.2896175,-0.795222
2012.3087432,-0.808734
2012.3278689,-0.76836
2012.3469945,-0.720027
2012.3661202,-0.81998
2012.3852459,-0.754659
2012.4043716,-0.587082
2012.4234973,-0.752068
2012.442623,-0.683654
2012.4617486,-0.495098
2012.4808743,-0.411254
2012.5,-0.530271
2012.5191257,-0.471389
2012.5382514,-0.393011
2012.557377,-0.31175
2012.5765027,-0.212685
2012.5956284,-0.261607
2012.6147541,-0.170229
2012.6338798,-0.138392
2012.6530055,-0.214717
2012.6721311,-0.242221
2012.6912568,-0.228231
2012.7103825,-0.203052
2012.7295082,-0.134825
2012.7486339,0.040061
2012.7677596,0.007973
2012.7868852,-0.090571
2012.8060109,-0.130873
2012.8251366,-0.233262
2012.8442623,-0.183921
2012.863388,-0.138133
2012.8825137,-0.235757
2012.9016393,-0.275383
2012.920765,-0.316629
2012.9398907,-0.418238
2012.9590164,-0.433813
2012.9781421,-0.452653
2012.9972678,-0.561807
2013.0164384,-0.54494
2013.0356164,-0.661281
2013.0547945,-0.647226
2013.0739726,-0.599088
2013.0931507,-0.390423
2013.1123288,-0.449649
2013.1315068,-0.606314
2013.1506849,-0.73515
2013.169863,-0.593175
2013.1890411,-0.576577
2013.2082192,-0.668941
2013.2273973,-0.627522
2013.2657534,-0.645114
2013.2849315,-0.678317
2013.3041096,-0.646076
2013.3232877,-0.707201
2013.3424658,-0.798055
2013.3616438,-0.85837
2013.3808219,-0.876341
2013.4,-0.766092
2013.4191781,-0.827236
2013.4383562,-0.761843
2013.4575342,-0.79733
2013.4767123,-0.638211
2013.4958904,-0.732108
2013.5150685,-0.636405
2013.5342466,-0.600207
2013.5534247,-0.567393
2013.5726027,-0.481633
2013.5917808,-0.534139
2013.6109589,-0.607633
2013.630137,-0.588735
2013.6493151,-0.504949
2013.6684932,-0.45022
2013.7068493,-0.552386
2013.7260274,-0.531658
2013.7452055,-0.523898
2013.7643836,-0.471096
2013.7835616,-0.440748
2013.8027397,-0.329951
2013.8219178,-0.268689
2013.8410959,-0.165933
2013.860274,-0.099239
2013.8794521,-0.107405
2013.8986301,-0.300233
2013.9178082,-0.271957
2013.9369863,-0.339915
2013.9561644,-0.38234
2013.9753425,-0.448991
2013.9945205,-0.507722
2014.0136986,-0.433217
2014.0328767,-0.390568
2014.0520548,-0.366644
2014.0712329,-0.312573
2014.090411,-0.10704
2014.109589,-0.099973
2014.1287671,-0.041546
2014.1479452,0.164165
2014.1671233,0.467817
2014.1863014,0.599056
2014.2054795,0.684069
2014.2246575,0.781855
2014.2438356,0.722581
2014.2630137,0.815464
2014.2821918,0.805286
2014.3013699,0.839572
2014.3205479,0.884963
2014.339726,0.852227
2014.3589041,0.868501
2014.3780822,0.838819
2014.3972603,0.781747
2014.4164384,0.583689
2014.4356164,0.559099
2014.4547945,0.533331
2014.4739726,0.535552
2014.4931507,0.625726
2014.5123288,0.420664
2014.5315068,0.392692
2014.5506849,0.39832
2014.569863,0.416463
2014.5890411,0.341248
2014.6082192,0.424432
2014.6273973,0.533525
2014.6465753,0.567808
2014.6657534,0.610548
2014.6849315,0.66481
2014.7041096,0.645285
2014.7232877,0.64822
2014.7424658,0.653244
2014.7616438,0.714569
2014.7808219,0.76254
2014.8,0.790785
2014.8191781,0.853721
2014.8383562,0.915887
2014.8575342,0.840955
2014.8767123,0.775748
2014.8958904,0.740602
2014.9150685,0.725004
2014.9342466,0.693425
2014.9534247,0.745249
2014.9726027,0.666018
2014.9917808,0.678821
2015.0109589,0.783935
2015.030137,0.740503
2015.0493151,0.732173
2015.0684932,0.826049
2015.0876712,0.960401
2015.1068493,1.057589
2015.1260274,1.029907
2015.1452055,0.95645
2015.1643836,1.182962
2015.1835616,1.35073
2015.2027397,1.478823
2015.2219178,1.640313
2015.2410959,1.659938
2015.260274,1.712074
2015.2794521,1.679714
2015.2986301,1.753623
2015.3178082,1.80037
2015.3369863,1.819013
2015.3561644,1.946422
2015.3753425,2.031674
2015.3945205,2.128376
2015.4136986,1.989753
2015.4328767,1.986012
2015.4520548,1.914083
2015.4712329,1.967359
2015.490411,2.103463
2015.509589,2.075409
2015.5287671,2.270137
2015.5479452,2.322317
2015.5671233,2.396722
2015.5863014,2.390278
2015.6054795,2.430274
2015.6246575,2.51363
2015.6438356,2.536386
2015.6630137,2.563137
2015.6821918,2.671421
2015.7013699,2.711306
2015.7205479,2.687999
2015.739726,2.750123
2015.7589041,2.926312
2015.7780822,2.989215
2015.7972603,2.997127
2015.8164384,2.99806
2015.8356164,2.985921
2015.8547945,2.926459
2015.8739726,2.890538
2015.8931507,2.830199
2015.9123288,2.927937
2015.9315068,2.950304
2015.9506849,2.872998
2015.969863,2.740672
2015.9890411,2.741084
2016.0081967,2.854668
2016.0273224,2.905912
2016.0464481,2.887751
2016.0655738,2.7898
2016.0846995,2.752513
2016.1038251,2.574299
2016.1229508,2.353955
2016.1420765,2.257534
2016.1612022,2.145453
2016.1803279,2.148546
2016.1994536,1.961749
2016.2185792,1.708663
2016.2377049,1.625636
2016.2568306,1.608642
2016.2759563,1.393868
2016.295082,1.300321
2016.3142077,1.196091
2016.3333333,1.075409
2016.352459,0.972803
2016.3715847,0.905176
2016.3907104,0.780693
2016.4098361,0.715437
2016.4289617,0.507105
2016.4480874,0.521356
2016.4672131,0.567863
2016.4863388,0.564023
2016.5054645,0.399754
2016.5245902,0.44026
2016.5437158,0.443457
2016.5628415,0.396164
2016.5819672,0.228239
2016.6010929,0.187623
2016.6202186,0.149477
2016.6393443,0.137284
2016.6584699,0.098495
2016.6775956,0.053776
2016.6967213,0.041126
2016.715847,-0.01493
2016.7349727,-0.055322
2016.7540984,-0.130519
2016.773224,-0.172899
2016.7923497,-0.180284
2016.8114754,-0.250706
2016.8306011,-0.219908
2016.8497268,-0.235057
2016.8688525,-0.19608
2016.8879781,-0.134965
2016.9071038,-0.091408
2016.9262295,0.003834
2016.9453552,0.041077
2016.9644809,0.044788
2016.9836066,0.098123
2017.0027397,0.217611
2017.0219178,0.142625
2017.0410959,0.159885
2017.060274,0.177815
2017.0794521,0.165004
2017.0986301,0.243514
2017.1178082,0.211654
2017.1369863,0.180469
2017.1561644,0.148491
2017.1753425,0.218118
2017.1945205,0.173609
2017.2136986,0.095286
2017.2328767,0.003078
2017.2520548,0.115458
2017.2712329,0.130117
2017.290411,0.156532
2017.309589,0.207502
2017.3287671,0.2407
2017.3479452,0.271311
2017.3671233,0.209923
2017.3863014,0.133136
2017.4054795,0.144442
2017.4246575,-0.002707
2017.4438356,0.07516
2017.4630137,0.220006
2017.4821918,0.272923
2017.5013699,0.114619
2017.5205479,0.186088
2017.539726,0.191237
2017.5589041,0.219702
2017.5780822,0.284294
2017.5972603,0.145642
2017.6164384,0.091045
2017.6356164,0.093542
2017.6547945,0.040843
2017.6739726,-0.120283
2017.6931507,-0.241362
2017.7123288,-0.316402
2017.7315068,-0.365807
2017.7506849,-0.378755
2017.769863,-0.478793
2017.7890411,-0.570265
2017.8082192,-0.592362
2017.8273973,-0.603095
2017.8465753,-0.535201
2017.8657534,-0.49809
2017.8849315,-0.569301
2017.9041096,-0.560862
2017.9232877,-0.524925
2017.9424658,-0.534186
2017.9616438,-0.443071
2017.9808219,-0.412944
2018.0,-0.302359
2018.0191781,-0.317193
2018.0383562,-0.43282
2018.0575342,-0.505555
2018.0767123,-0.563243
2018.0958904,-0.436455
2018.1150685,-0.303314
2018.1342466,-0.217932
2018.1534247,-0.174876
2018.1726027,-0.029773
2018.1917808,-0.042953
2018.2109589,-0.007861
2018.230137,0.035093
2018.2493151,0.116389
2018.2684932,0.125426
2018.2876712,0.228514
2018.3068493,0.351
2018.3260274,0.404767
2018.3452055,0.450631
2018.3643836,0.550501
2018.3835616,0.62281
2018.4027397,0.641714
2018.4219178,0.456766
2018.4410959,0.53049
2018.460274,0.575343
2018.4794521,0.628322
2018.4986301,0.554803
2018.5178082,0.657206
2018.5369863,0.661313
2018.5561644,0.71403
2018.5753425,0.733937
2018.5945205,0.682273
2018.6136986,0.828293
2018.6328767,0.871364
2018.6520548,0.85879
2018.6712329,0.870304
2018.690411,0.913538
2018.709589,0.965422
2018.7287671,1.057152
2018.7479452,1.150367
2018.7671233,1.169428
2018.7863014,1.166918
2018.8054795,1.141756
2018.8246575,1.158616
2018.8438356,1.221403
2018.8630137,1.253428
2018.8821918,1.228773
2018.9013699,1.202791
2018.9205479,1.194892
2018.939726,1.215407
2018.9589041,1.117685
2018.9780822,1.075134
2018.9972603,1.104829
2019.0164384,1.193276
2019.0356164,1.145364
2019.0547945,1.136434
2019.0739726,1.032874
2019.0931507,1.184611
2019.1123288,1.274
2019.1315068,1.233904
2019.1506849,1.295258
2019.1890411,1.174982
2019.2082192,1.193027
2019.2273973,1.168617
2019.2465753,1.237596
2019.2657534,1.201217
2019.2849315,1.114026
2019.3041096,1.057421
2019.3232877,0.927819
2019.3424658,0.888185
2019.3616438,0.984094
2019.3808219,0.981987
2019.4,1.018658
2019.4191781,0.861818
2019.4383562,0.789248
2019.4575342,0.762097
2019.4767123,0.756155
2019.4958904,0.569779
2019.5150685,0.62432
2019.5342466,0.716029
2019.5534247,0.761732
2019.5726027,0.740344
2019.5917808,0.512808
2019.6109589,0.432039
2019.630137,0.481847
2019.6493151,0.532207
2019.6684932,0.477281
2019.6876712,0.510853
2019.7068493,0.547031
2019.7260274,0.548772
2019.7452055,0.634488
2019.7643836,0.651363
2019.7835616,0.594272
2019.8027397,0.625022
2019.8219178,0.60236
2019.8410959,0.632702
2019.860274,0.631957
2019.8794521,0.684737
2019.8986301,0.832611
2019.9178082,0.942436
2019.9369863,0.924044
2019.9561644,0.957413
2019.9753425,1.070164
2019.9945205,1.028158
2020.0136612,1.097925
2020.0327869,1.091975
2020.0519126,1.084147
2020.0710383,1.081935
2020.1284153,1.040885
2020.147541,1.006641
2020.1666667,1.17552
2020.1857923,1.040643
2020.204918,0.914766
2020.2240437,0.83554
2020.2431694,0.70463
2020.2622951,0.709512
2020.2814208,0.622842
2020.3005464,0.504112
2020.3196721,0.412604
2020.3387978,0.300362
2020.3579235,0.298999
2020.3770492,0.294844
2020.3961749,0.231814
2020.4153005,0.00277
2020.4344262,0.073284
2020.4535519,0.087593
2020.4726776,0.147332
2020.4918033,0.209753
2020.510929,0.01155
2020.5300546,0.067403
2020.5491803,0.06491
2020.568306,0.002189
2020.5874317,-0.190689
2020.6065574,-0.262278
2020.6256831,-0.231919
2020.6448087,-0.177544
2020.6639344,-0.221409
2020.6830601,-0.335396
2020.7021858,-0.426977
2020.7213115,-0.468892
2020.7404372,-0.497554
2020.7595628,-0.570634
2020.7786885,-0.599188
2020.7978142,-0.656557
2020.8169399,-0.647415
2020.8360656,-0.625192
2020.8551913,-0.639278
2020.8743169,-0.662588
2020.8934426,-0.703832
2020.9125683,-0.749244
2020.931694,-0.76792
2020.9508197,-0.773393
2020.9699454,-0.841432
2020.989071,-0.902859
2021.0082192,-0.97325
2021.0273973,-1.119823
2021.0465753,-1.173343
2021.0657534,-1.207329
2021.0849315,-1.049009
2021.1041096,-1.050416
2021.1232877,-1.032018
2021.1424658,-1.012885
2021.1616438,-0.728684
2021.1808219,-0.687749
2021.2,-0.566342
2021.2191781,-0.544833
2021.2383562,-0.590072
2021.2575342,-0.395613
2021.2767123,-0.352504
2021.2958904,-0.19555
2021.3150685,-0.092876
2021.3342466,-0.056891
2021.3534247,-0.00744
2021.3726027,0.1132
2021.3917808,0.084528
2021.4109589,0.047848
2021.430137,-0.097568
2021.4493151,-0.038967
2021.4684932,0.019006
2021.4876712,0.052642
2021.5068493,-0.141006
2021.5260274,-0.244908
2021.5452055,-0.339852
2021.5643836,-0.379527
2021.5835616,-0.483895
2021.6027397,-0.380036
2021.6219178,-0.320731
2021.6410959,-0.312336
2021.660274,-0.360128
2021.6794521,-0.450569
2021.6986301,-0.580728
2021.7178082,-0.64234
2021.7369863,-0.710227
2021.7561644,-0.784431
2021.7753425,-0.781238
2021.7945205,-0.806764
2021.8136986,-0.841699
2021.8328767,-0.75794
2021.8520548,-0.809804
2021.8712329,-0.956835
2021.890411,-1.031135
2021.909589,-1.131652
2021.9287671,-1.119703
2021.9479452,-0.995388
2021.9671233,-0.940922
2021.9863014,-0.918257
2022.0054795,-0.702317
2022.0246575,-0.632405
2022.0438356,-0.574685
2022.0630137,-0.628626
2022.0821918,-0.644105
2022.1013699,-0.574005
2022.1205479,-0.600586
2022.139726,-0.682281
2022.1589041,-0.811995
2022.1780822,-0.615436
2022.1972603,-0.734079
2022.2164384,-0.832126
2022.2356164,-0.853654
2022.2547945,-0.752091
2022.2739726,-0.620872
2022.2931507,-0.545423
2022.3123288,-0.605878
2022.3315068,-0.585624
2022.3506849,-0.579312
2022.369863,-0.545052
2022.3890411,-0.48438
2022.4082192,-0.380299
2022.4273973,-0.582054
2022.4465753,-0.468527
2022.4657534,-0.406388
2022.4849315,-0.376338
2022.5041096,-0.620923
2022.5232877,-0.666523
2022.5424658,-0.685899
2022.5616438,-0.646656
2022.5808219,-0.756634
2022.6,-0.770017
2022.6191781,-0.74328
2022.6383562,-0.695265
2022.6575342,-0.780571
2022.6767123,-0.865652
2022.6958904,-0.880218
2022.7150685,-0.888305
2022.7342466,-0.890369
2022.7534247,-0.88893
2022.7726027,-0.984387
2022.7917808,-1.019715
2022.8109589,-1.036536
2022.830137,-1.026822
2022.8493151,-0.949606
2022.8684932,-0.948828
2022.8876712,-0.886143
2022.9068493,-0.869997
2022.9260274,-0.824298
2022.9452055,-0.848592
2022.9643836,-0.87705
2022.9835616,-0.938851
2023.0027397,-0.869174
2023.0219178,-0.727677
2023.0410959,-0.667309
2023.060274,-0.689908
2023.0794521,-0.754009
2023.0986301,-0.680424
2023.1178082,-0.801636
2023.1369863,-0.75691
2023.1561644,-0.650452
2023.1753425,-0.420442
2023.1945205,-0.307081
2023.2136986,-0.208218
2023.2328767,-0.137599
2023.2520548,0.02934
2023.2712329,0.018483
2023.290411,0.102228
2023.309589,0.340564
2023.3287671,0.303898
2023.3479452,0.389428
2023.3671233,0.472841
2023.3863014,0.508115
2023.4054795,0.684588
2023.4246575,0.664122
2023.4438356,0.786832
2023.4630137,0.832961
2023.4821918,0.895581
2023.5013699,0.630695
2023.5205479,0.678742
2023.539726,0.859978
2023.5589041,0.954004
2023.5780822,1.037074
2023.5972603,0.999367
2023.6164384,1.055582
2023.6356164,1.086244
2023.6547945,1.164203
2023.6739726,1.179518
2023.6931507,1.150371
2023.7123288,1.151855
2023.7315068,1.132416
2023.7506849,1.217454
2023.769863,1.293319
2023.7890411,1.344094
2023.8082192,1.439238
2023.8273973,1.536739
2023.8465753,1.578607
2023.8657534,1.606489
2023.8849315,1.766779
2023.9041096,1.743852
2023.9232877,1.710479
2023.9424658,1.61538
2023.9616438,1.499415
2023.9808219,1.468646
2024.0,1.528739
2024.0191257,1.360493
2024.0382514,1.148183
2024.057377,0.961185
2024.0765027,0.976995
2024.0956284,1.106342
2024.1147541,1.031856
2024.1338798,0.902661
2024.1530055,0.774866
2024.1721311,0.796813
2024.1912568,0.564168
2024.2103825,0.412043
2024.2295082,0.411599
2024.2486339,0.408878
2024.2677596,0.385464
2024.2868852,0.424569
2024.3060109,0.338368
2024.3251366,0.25984
2024.3442623,0.193895
2024.363388,0.215853
2024.3825137,0.265746
2024.4016393,0.322208
2024.420765,0.16068
2024.4398907,0.23071
2024.4590164,0.183973
2024.4781421,0.152296
2024.4972678,-0.112479
2024.5163934,-0.002743
2024.5355191,0.05886
2024.5546448,0.048634
2024.5737705,0.126196
2024.5928962,0.034671
2024.6120219,0.109185
2024.6311475,0.06177
2024.6502732,-0.00198
2024.6693989,-0.06611
2024.6885246,-0.084282
2024.7076503,-0.0797
2024.726776,-0.077153
2024.7459016,-0.021297
2024.7650273,-0.012452
2024.784153,-0.030845
2024.8032787,-0.181048
2024.8224044,-0.232752
2024.8415301,-0.10541
2024.8606557,-0.187466
2024.8797814,-0.218399
2024.8989071,-0.217276
2024.9180328,-0.382434
2024.9371585,-0.479267
2024.9562842,-0.578777
2024.9754098,-0.594368
2024.9945355,-0.574285
2025.0136986,-0.480555
2025.0328767,-0.536832
